{
  "chromosome": [
    2,
    1,
    3,
    0,
    0,
    0,
    0,
    2,
    2,
    0,
    1,
    0
  ],
  "ga_val_acc": 0.9932,
  "pso_val_acc": 0.9726666666666667,
  "hyperparams": {
    "lr": 0.008116844290450604,
    "dropout": 0.28499208826198885,
    "batch_size": 32
  },
  "default_val_acc": 0.964,
  "improvement_pct": 1.100000000000001
}