{
  "source": "phase5_surrogate",
  "chromosome": [
    4,
    2,
    2,
    3,
    1,
    0,
    1,
    3,
    4,
    2,
    1,
    0
  ],
  "surrogate_pred": 0.9895956511448388,
  "val_accuracy": 0.9916666666666667,
  "num_params": 2291850,
  "hyperparams": {
    "lr": 0.001,
    "dropout": 0.3,
    "batch_size": 64
  }
}