{
  "val_accuracy": 0.801,
  "test_accuracy": 0.8085,
  "num_params": 2501642,
  "train_time_s": 1456.891572713852,
  "val_accs": [
    0.495,
    0.5908,
    0.6274,
    0.6596,
    0.6782,
    0.692,
    0.7248,
    0.7174,
    0.7344,
    0.752,
    0.7524,
    0.7588,
    0.7682,
    0.786,
    0.789,
    0.79,
    0.7962,
    0.8004,
    0.8004,
    0.801
  ],
  "train_losses": [
    1.647599395872517,
    1.2762309560890903,
    1.108754889531569,
    1.000774704089219,
    0.9290529420091347,
    0.8630984636362303,
    0.8034576694481075,
    0.7601954021745108,
    0.7173001019030132,
    0.6738148792646825,
    0.6330491418272934,
    0.5936328034678643,
    0.556818565946411,
    0.5192799828734926,
    0.48528559370474383,
    0.44994516649537464,
    0.42835767732255836,
    0.405035317028788,
    0.3890552376608618,
    0.38056367520369927
  ],
  "chromosome": [
    3,
    5,
    2,
    4,
    0,
    2,
    1,
    1,
    0,
    1,
    0,
    1
  ]
}