{
  "best_chromosome": [
    4,
    0,
    1,
    3,
    0,
    1,
    1,
    2,
    2,
    3,
    1,
    0
  ],
  "val_accuracy": 0.9938333333333333,
  "test_accuracy": 0.9938,
  "best_val_acc": 0.9938333333333333,
  "num_params": 239898,
  "full_train_time_s": 319.9162850379944,
  "pareto_rank": 0,
  "n_total_archs": 22,
  "n_pareto_archs": 14,
  "train_loss_curve": [
    0.17537981771639993,
    0.0817356697029613,
    0.06629147802913227,
    0.05596150634819984,
    0.05068536127813467,
    0.04486937102198521,
    0.0411031913747862,
    0.036135955648240195,
    0.03318101788514572,
    0.027196695823800337,
    0.023255500184924213,
    0.020114897255570176,
    0.01730413064225617,
    0.013207365467635651,
    0.010747869521631474,
    0.008487366205786181,
    0.006582910615351987,
    0.004983059589559028,
    0.004232563985402452,
    0.004065994084347522
  ],
  "val_acc_curve": [
    0.969,
    0.9735,
    0.9756666666666667,
    0.9751666666666666,
    0.9866666666666667,
    0.9838333333333333,
    0.98,
    0.9841666666666666,
    0.9868333333333333,
    0.9895,
    0.9876666666666667,
    0.9878333333333333,
    0.9916666666666667,
    0.9923333333333333,
    0.9936666666666667,
    0.9925,
    0.9936666666666667,
    0.9936666666666667,
    0.9933333333333333,
    0.9938333333333333
  ]
}